Line,Model_SlopeAtMidpoint.b,cover_crop
9,0.167727892907488,R+B
14,0.133633853674493,M
7,0.126784135314055,R
3,0.118454325656135,R+Fn
12,0.11694466236421,M+Fb
2,0.100775742836515,B+M
1,0.0903525873853015,C
4,0.0863538186709834,M+B+Fb
6,0.0853158588373088,B
5,0.0851938423272933,B+Fb
8,0.0807384745991099,Fn
10,0.0786401898990538,B+Fn 
11,0.0760540386092853,Fb
13,0.0595422695883399,R+B+Fn
